<?xml version="1.0"?>
<?xml-stylesheet type="text/xsl" href="advisor.xsl"?>
<Report xmlns:dt="urn:schemas-microsoft-com:datatypes"><ExperimentInfo><ExperimentName dt:dt="string">TOHx</ExperimentName><SessionDate dt:dt="string">03-02-2020</SessionDate><SessionTime dt:dt="string">11:43:23</SessionTime><Subject dt:dt="int">0</Subject><Session dt:dt="int">1</Session><Group dt:dt="int">1</Group><TestMode dt:dt="boolean">0</TestMode><ElapsedTime dt:dt="string">0 Minutes, 5 Seconds</ElapsedTime></ExperimentInfo><TimeAuditInfo><TimeAuditObjects><TimeAuditObject><Name dt:dt="string">DelayRespons</Name></TimeAuditObject><TimeAuditObject><Name dt:dt="string">Feedback</Name></TimeAuditObject><TimeAuditObject><Name dt:dt="string">GoodbeyText</Name></TimeAuditObject><TimeAuditObject><Name dt:dt="string">OK</Name></TimeAuditObject><TimeAuditObject><Name dt:dt="string">Title</Name></TimeAuditObject><TimeAuditObject><Name dt:dt="string">TrialIntro</Name></TimeAuditObject><TimeAuditObject><Name dt:dt="string">WaitForRespons</Name></TimeAuditObject></TimeAuditObjects></TimeAuditInfo><AdvisorModules><AdvisorModule><Present dt:dt="boolean">1</Present><Enabled dt:dt="boolean">1</Enabled><Caption dt:dt="string">Object in experiment does not run</Caption><Description dt:dt="string">An object was created from the Toolbox in E-Studio or with E-Basic but never runs on a Procedure or through InLine script.</Description><DefinitionGuid dt:dt="string">{977A0731-ED4F-4772-BF32-4E8B2870EAED}</DefinitionGuid></AdvisorModule><AdvisorModule><Present dt:dt="boolean">1</Present><Enabled dt:dt="boolean">1</Enabled><Caption dt:dt="string">Volatile Clock</Caption><Description dt:dt="string">The E-Prime Primary Clock is configured in a way that could cause timing inconsistencies. Contact PST Tech Support to configure the clock for more stabilized performance when this finding is detected.</Description><DefinitionGuid dt:dt="string">{60BEA5C4-6FE8-4EB7-8915-AAACF8258404}</DefinitionGuid></AdvisorModule><AdvisorModule><Present dt:dt="boolean">1</Present><Enabled dt:dt="boolean">1</Enabled><Caption dt:dt="string">Procedure ends with pending InputMask objects</Caption><Description dt:dt="string">There are input masks that continue to collect responses at the end of a Procedure. To ensure that responses are collected and properly logged, set the TimeLimit property to (until feedback) or (end of proc) and the Procedure.ProcessPendingInputMasks property to All or Last.</Description><DefinitionGuid dt:dt="string">{E87CD980-15BD-4393-8583-E0E7BCC5DF3A}</DefinitionGuid></AdvisorModule><AdvisorModule><Present dt:dt="boolean">1</Present><Enabled dt:dt="boolean">1</Enabled><Caption dt:dt="string">Movie and audio stimuli not mapped</Caption><Description dt:dt="string">A movie or audio file is not using mappings available through Codec Config. Failure to map movie or audio files to specific codecs can negatively affect timing and performance of movies and sounds while running the experiment.</Description><DefinitionGuid dt:dt="string">{72A59214-3F45-4B98-84BC-4E63903B8374}</DefinitionGuid></AdvisorModule><AdvisorModule><Present dt:dt="boolean">1</Present><Enabled dt:dt="boolean">1</Enabled><Caption dt:dt="string">Duration not divisible by refresh rate</Caption><Description dt:dt="string">An object with its OnsetSync property set to (vertical blank) has a Duration value that is not divisible by the DisplayDevice calulated refresh rate, which can lead to larger OnsetDelay and other timing issues.</Description><DefinitionGuid dt:dt="string">{4AD2EB1F-8E4A-4B24-A38C-1E0EE032A9EC}</DefinitionGuid></AdvisorModule><AdvisorModule><Present dt:dt="boolean">1</Present><Enabled dt:dt="boolean">1</Enabled><Caption dt:dt="string">Non-Visual object using OnsetSync or OffsetSync</Caption><Description dt:dt="string">A non-visual object (SoundOut, SoundIn, Wait) has either of its OnsetSync or OffsetSync properties set to (vertical blank) which is usually unnecessary unless syncing with external equipment.</Description><DefinitionGuid dt:dt="string">{E1AF242F-4142-48EC-9FEE-2A47AF3176FD}</DefinitionGuid></AdvisorModule><AdvisorModule><Present dt:dt="boolean">1</Present><Enabled dt:dt="boolean">1</Enabled><Caption dt:dt="string">Text object has matching BackColor and ForeColor</Caption><Description dt:dt="string">A TextDisplay or SlideText object has BackStyle set to opaque with identical values for BackColor and ForeColor, which can lead to an object not being visible during an experiment.</Description><DefinitionGuid dt:dt="string">{6C660ACC-674E-4E8F-9CEF-B5D1E6799E17}</DefinitionGuid></AdvisorModule><AdvisorModule><Present dt:dt="boolean">1</Present><Enabled dt:dt="boolean">1</Enabled><Caption dt:dt="string">Use of ClearAfter</Caption><Description dt:dt="string">An object has its ClearAfter property set to Yes. ClearAfter is a deprecated property.</Description><DefinitionGuid dt:dt="string">{802B9EB1-1D9C-4B1D-A36C-05748B9F93C9}</DefinitionGuid></AdvisorModule><AdvisorModule><Present dt:dt="boolean">1</Present><Enabled dt:dt="boolean">1</Enabled><Caption dt:dt="string">Use of Stretch</Caption><Description dt:dt="string">A visual object has its Stretch property set to Yes, which can cause display timing anomalies.  Instead of using Stretch, consider editing the source material to match the size and proportions you want to display during the experiment.</Description><DefinitionGuid dt:dt="string">{9FA8794D-625C-49A0-BF1B-C1244A18FB28}</DefinitionGuid></AdvisorModule><AdvisorModule><Present dt:dt="boolean">1</Present><Enabled dt:dt="boolean">1</Enabled><Caption dt:dt="string">Display adapter set to clone mode</Caption><Description dt:dt="string">The display adapter of the machine is set to clone or mirror mode. Mirroring can cause timing issues since vertical blank synchronization is not accurate between multiple displays, and determining which display is considered primary can cause confusion and may not be consistent between computer configurations.</Description><DefinitionGuid dt:dt="string">{08B7EA85-6E98-407F-BB95-BEEC0254B9D1}</DefinitionGuid></AdvisorModule><AdvisorModule><Present dt:dt="boolean">1</Present><Enabled dt:dt="boolean">1</Enabled><Caption dt:dt="string">Large OnsetDelay</Caption><Description dt:dt="string">An object is collecting OnsetDelay Stats and has an OnsetDelay that is larger than a single refresh. Setting the Duration property to a value divisible by the refresh rate and the PreRelease property to (same as duration) will typically reduce OnsetDelay values.</Description><DefinitionGuid dt:dt="string">{F2B71F0D-E54F-447A-A362-FA8188103FD0}</DefinitionGuid></AdvisorModule><AdvisorModule><Present dt:dt="boolean">1</Present><Enabled dt:dt="boolean">1</Enabled><Caption dt:dt="string">Use of WaitForVerticalBlank when FlippingEnabled</Caption><Description dt:dt="string">The DisplayDevice.WaitForVerticalBlank E-Basic command is used when the DisplayDevice.FlippingEnabled property is set to Yes/True.  Calling WaitForVerticalBlank while flipping is enabled can cause timing concerns.</Description><DefinitionGuid dt:dt="string">{5762C01F-C62A-4DEE-A697-D59AF3626A6D}</DefinitionGuid></AdvisorModule><AdvisorModule><Present dt:dt="boolean">1</Present><Enabled dt:dt="boolean">1</Enabled><Caption dt:dt="string">Direct Canvas Commands</Caption><Description dt:dt="string">Detects when a Canvas command other than Copy is invoked that would directly alter the screen contents.  It is recommended to perform all Canvas drawing on an offscreen Canvas and then use the Copy method to display the contents to the screen.</Description><DefinitionGuid dt:dt="string">{E940F3DA-590B-4BD2-A7CA-B40803826403}</DefinitionGuid></AdvisorModule><AdvisorModule><Present dt:dt="boolean">1</Present><Enabled dt:dt="boolean">1</Enabled><Caption dt:dt="string">Evaluate SoundDevice.API</Caption><Description dt:dt="string">Detects when a SoundDevice is using the DirectSound(TM) API on Windows Vista or later which typically cannot achieve latency values under 30ms. ASIO or CoreAudio recommended for Windows Vista or later.  Use SoundTester to choose the most appropriate API for the experiment computer.</Description><DefinitionGuid dt:dt="string">{DBB1E77E-A3EA-4E7C-B6D5-A792F6EB6802}</DefinitionGuid></AdvisorModule><AdvisorModule><Present dt:dt="boolean">1</Present><Enabled dt:dt="boolean">1</Enabled><Caption dt:dt="string">Operating System not verified</Caption><Description dt:dt="string">Detects if the operating system used to run the experiment has not been verified by PST.  When a new edition of an Operating System, patch, or service pack is released after E-Prime, there is a possibility the timing and compatibility characteristics have changed.  Check www.pstnet.com for more info regarding this operating system and its usage characteristics with E-Prime.</Description><DefinitionGuid dt:dt="string">{0CC004EC-9AD9-4350-B7C5-5EA0D778483D}</DefinitionGuid></AdvisorModule></AdvisorModules><AdvisorModuleFindings><AdvisorModuleFinding><AdvisorModuleCaption dt:dt="string">Duration not divisible by refresh rate</AdvisorModuleCaption><AdvisorModuleDefinitionGuid dt:dt="string">{4AD2EB1F-8E4A-4B24-A38C-1E0EE032A9EC}</AdvisorModuleDefinitionGuid><Category dt:dt="string">Timing</Category><Message dt:dt="string">The 'Title' object has its OnsetSync property set to (vertical blank) and a Duration value (1000) that is not divisible by the DisplayDevice calculated refresh rate, which can lead to larger OnsetDelay and other timing issues.  (Requested: (unspecified), Calculated: 60.01Hz/16.66ms, Suggested: low=999, high=1016)</Message><MessageUrlEscape dt:dt="string">The%20'Title'%20object%20has%20its%20OnsetSync%20property%20set%20to%20(vertical%20blank)%20and%20a%20Duration%20value%20(1000)%20that%20is%20not%20divisible%20by%20the%20DisplayDevice%20calculated%20refresh%20rate,%20which%20can%20lead%20to%20larger%20OnsetDelay%20and%20other%20timing%20issues.%20%20(Requested:%20(unspecified),%20Calculated:%2060.01Hz%2F16.66ms,%20Suggested:%20low=999,%20high=1016)</MessageUrlEscape><MessageCount dt:dt="int">1</MessageCount></AdvisorModuleFinding><AdvisorModuleFinding><AdvisorModuleCaption dt:dt="string">Use of ClearAfter</AdvisorModuleCaption><AdvisorModuleDefinitionGuid dt:dt="string">{802B9EB1-1D9C-4B1D-A36C-05748B9F93C9}</AdvisorModuleDefinitionGuid><Category dt:dt="string">BestPractice</Category><Message dt:dt="string">The 'DelayRespons' object has its ClearAfter property set to Yes. ClearAfter is a legacy property that should be set to No. Consider using a blank TextDisplay object to clear the screen.</Message><MessageUrlEscape dt:dt="string">The%20'DelayRespons'%20object%20has%20its%20ClearAfter%20property%20set%20to%20Yes.%20ClearAfter%20is%20a%20legacy%20property%20that%20should%20be%20set%20to%20No.%20Consider%20using%20a%20blank%20TextDisplay%20object%20to%20clear%20the%20screen.</MessageUrlEscape><MessageCount dt:dt="int">2</MessageCount></AdvisorModuleFinding><AdvisorModuleFinding><AdvisorModuleCaption dt:dt="string">Duration not divisible by refresh rate</AdvisorModuleCaption><AdvisorModuleDefinitionGuid dt:dt="string">{4AD2EB1F-8E4A-4B24-A38C-1E0EE032A9EC}</AdvisorModuleDefinitionGuid><Category dt:dt="string">Timing</Category><Message dt:dt="string">The 'TrialIntro' object has its OnsetSync property set to (vertical blank) and a Duration value (1000) that is not divisible by the DisplayDevice calculated refresh rate, which can lead to larger OnsetDelay and other timing issues.  (Requested: (unspecified), Calculated: 60.01Hz/16.66ms, Suggested: low=999, high=1016)</Message><MessageUrlEscape dt:dt="string">The%20'TrialIntro'%20object%20has%20its%20OnsetSync%20property%20set%20to%20(vertical%20blank)%20and%20a%20Duration%20value%20(1000)%20that%20is%20not%20divisible%20by%20the%20DisplayDevice%20calculated%20refresh%20rate,%20which%20can%20lead%20to%20larger%20OnsetDelay%20and%20other%20timing%20issues.%20%20(Requested:%20(unspecified),%20Calculated:%2060.01Hz%2F16.66ms,%20Suggested:%20low=999,%20high=1016)</MessageUrlEscape><MessageCount dt:dt="int">1</MessageCount></AdvisorModuleFinding><AdvisorModuleFinding><AdvisorModuleCaption dt:dt="string">Duration not divisible by refresh rate</AdvisorModuleCaption><AdvisorModuleDefinitionGuid dt:dt="string">{4AD2EB1F-8E4A-4B24-A38C-1E0EE032A9EC}</AdvisorModuleDefinitionGuid><Category dt:dt="string">Timing</Category><Message dt:dt="string">The 'OK' object has its OnsetSync property set to (vertical blank) and a Duration value (1000) that is not divisible by the DisplayDevice calculated refresh rate, which can lead to larger OnsetDelay and other timing issues.  (Requested: (unspecified), Calculated: 60.01Hz/16.66ms, Suggested: low=999, high=1016)</Message><MessageUrlEscape dt:dt="string">The%20'OK'%20object%20has%20its%20OnsetSync%20property%20set%20to%20(vertical%20blank)%20and%20a%20Duration%20value%20(1000)%20that%20is%20not%20divisible%20by%20the%20DisplayDevice%20calculated%20refresh%20rate,%20which%20can%20lead%20to%20larger%20OnsetDelay%20and%20other%20timing%20issues.%20%20(Requested:%20(unspecified),%20Calculated:%2060.01Hz%2F16.66ms,%20Suggested:%20low=999,%20high=1016)</MessageUrlEscape><MessageCount dt:dt="int">1</MessageCount></AdvisorModuleFinding><AdvisorModuleFinding><AdvisorModuleCaption dt:dt="string">Object in experiment does not run</AdvisorModuleCaption><AdvisorModuleDefinitionGuid dt:dt="string">{977A0731-ED4F-4772-BF32-4E8B2870EAED}</AdvisorModuleDefinitionGuid><Category dt:dt="string">Design</Category><Message dt:dt="string">The 'Feedback' did not run during the experiment session.</Message><MessageUrlEscape dt:dt="string">The%20'Feedback'%20did%20not%20run%20during%20the%20experiment%20session.</MessageUrlEscape><MessageCount dt:dt="int">1</MessageCount></AdvisorModuleFinding><AdvisorModuleFinding><AdvisorModuleCaption dt:dt="string">Direct Canvas Commands</AdvisorModuleCaption><AdvisorModuleDefinitionGuid dt:dt="string">{E940F3DA-590B-4BD2-A7CA-B40803826403}</AdvisorModuleDefinitionGuid><Category dt:dt="string">Timing</Category><Message dt:dt="string">E-Basic script for 'Display' has called Canvas operations that directly alter the screen.  Consider using an offscreen Canvas to perform drawing and the one Canvas.Copy operation to update the screen.</Message><MessageUrlEscape dt:dt="string">E-Basic%20script%20for%20'Display'%20has%20called%20Canvas%20operations%20that%20directly%20alter%20the%20screen.%20%20Consider%20using%20an%20offscreen%20Canvas%20to%20perform%20drawing%20and%20the%20one%20Canvas.Copy%20operation%20to%20update%20the%20screen.</MessageUrlEscape><MessageCount dt:dt="int">1</MessageCount></AdvisorModuleFinding></AdvisorModuleFindings><Clock><Property><PropertyName dt:dt="string">Description</PropertyName><PropertyValue dt:dt="string">E-Prime Primary Realtime Clock</PropertyValue></Property><Property><PropertyName dt:dt="string">Scale</PropertyName><PropertyValue dt:dt="r8">1</PropertyValue></Property><Property><PropertyName dt:dt="string">StartTimestamp</PropertyName><PropertyValue>0</PropertyValue></Property><Property><PropertyName dt:dt="string">StartDateUtc</PropertyName><PropertyValue dt:dt="string">2020-03-02T11:43:23Z</PropertyValue></Property><Property><PropertyName dt:dt="string">Guid</PropertyName><PropertyValue dt:dt="string">{10343DBD-55BE-45C7-AA62-A5239F6918AB}</PropertyValue></Property></Clock><Devices><Device><Property><PropertyName dt:dt="string">Name</PropertyName><PropertyValue dt:dt="string">Display</PropertyValue></Property><Property><PropertyName dt:dt="string">Type</PropertyName><PropertyValue dt:dt="string">DisplayDevice</PropertyValue></Property><Property><PropertyName dt:dt="string">DisplayIndex</PropertyName><PropertyValue>1</PropertyValue></Property><Property><PropertyName dt:dt="string">XRes</PropertyName><PropertyValue dt:dt="int">1024</PropertyValue></Property><Property><PropertyName dt:dt="string">YRes</PropertyName><PropertyValue dt:dt="int">768</PropertyValue></Property><Property><PropertyName dt:dt="string">ColorDepth</PropertyName><PropertyValue dt:dt="int">16</PropertyValue></Property><Property><PropertyName dt:dt="string">RefreshRateRequested</PropertyName><PropertyValue dt:dt="int">0</PropertyValue></Property><Property><PropertyName dt:dt="string">RefreshRateCalculated</PropertyName><PropertyValue dt:dt="r8">60.0063006615695</PropertyValue></Property><Property><PropertyName dt:dt="string">RefreshAlignment</PropertyName><PropertyValue dt:dt="string">0%</PropertyValue></Property><Property><PropertyName dt:dt="string">FlippingEnabled</PropertyName><PropertyValue dt:dt="boolean">0</PropertyValue></Property></Device><Device><Property><PropertyName dt:dt="string">Name</PropertyName><PropertyValue dt:dt="string">Sound</PropertyValue></Property><Property><PropertyName dt:dt="string">Type</PropertyName><PropertyValue dt:dt="string">SoundDevice</PropertyValue></Property><Property><PropertyName dt:dt="string">API</PropertyName><PropertyValue dt:dt="string"></PropertyValue></Property><Property><PropertyName dt:dt="string">DeviceIndex</PropertyName><PropertyValue dt:dt="int">1</PropertyValue></Property><Property><PropertyName dt:dt="string">Channels</PropertyName><PropertyValue dt:dt="int">0</PropertyValue></Property><Property><PropertyName dt:dt="string">SamplesPerSecond</PropertyName><PropertyValue dt:dt="int">0</PropertyValue></Property><Property><PropertyName dt:dt="string">BitsPerSample</PropertyName><PropertyValue dt:dt="int">0</PropertyValue></Property></Device><Device><Property><PropertyName dt:dt="string">Name</PropertyName><PropertyValue dt:dt="string">Keyboard</PropertyValue></Property><Property><PropertyName dt:dt="string">Type</PropertyName><PropertyValue dt:dt="string">KeyboardInputDevice</PropertyValue></Property><Property><PropertyName dt:dt="string">CollectionMode</PropertyName><PropertyValue dt:dt="string">Presses Only</PropertyValue></Property><Property><PropertyName dt:dt="string">EmulateDevice</PropertyName><PropertyValue dt:dt="string">(none)</PropertyValue></Property><Property><PropertyName dt:dt="string">CapsLock</PropertyName><PropertyValue dt:dt="string">No</PropertyValue></Property><Property><PropertyName dt:dt="string">NumLock</PropertyName><PropertyValue dt:dt="string">No</PropertyValue></Property></Device><Device><Property><PropertyName dt:dt="string">Name</PropertyName><PropertyValue dt:dt="string">Mouse</PropertyValue></Property><Property><PropertyName dt:dt="string">Type</PropertyName><PropertyValue dt:dt="string">MouseInputDevice</PropertyValue></Property><Property><PropertyName dt:dt="string">CollectionMode</PropertyName><PropertyValue dt:dt="string">Presses Only</PropertyValue></Property><Property><PropertyName dt:dt="string">EmulateDevice</PropertyName><PropertyValue dt:dt="string">(none)</PropertyValue></Property><Property><PropertyName dt:dt="string">OpenMode</PropertyName><PropertyValue dt:dt="string">Direct</PropertyValue></Property><Property><PropertyName dt:dt="string">ShowCursor</PropertyName><PropertyValue dt:dt="string">No</PropertyValue></Property></Device></Devices><RunningApplications><RunningApplication><ImageName dt:dt="string">[System Process]</ImageName><ProcessID dt:dt="string">0</ProcessID><WorkingSetSizeKB dt:dt="string"> </WorkingSetSizeKB><ImageFullName dt:dt="string"> </ImageFullName><ImageSize dt:dt="string"> </ImageSize><FileVersion dt:dt="string"> </FileVersion><LastModifiedDateTime dt:dt="string"> </LastModifiedDateTime></RunningApplication><RunningApplication><ImageName dt:dt="string">System</ImageName><ProcessID dt:dt="string">4</ProcessID><WorkingSetSizeKB dt:dt="string"> </WorkingSetSizeKB><ImageFullName dt:dt="string"> </ImageFullName><ImageSize dt:dt="string"> </ImageSize><FileVersion dt:dt="string"> </FileVersion><LastModifiedDateTime dt:dt="string"> </LastModifiedDateTime></RunningApplication><RunningApplication><ImageName dt:dt="string">smss.exe</ImageName><ProcessID dt:dt="string">444</ProcessID><WorkingSetSizeKB dt:dt="string"> </WorkingSetSizeKB><ImageFullName dt:dt="string"> </ImageFullName><ImageSize dt:dt="string"> </ImageSize><FileVersion dt:dt="string"> </FileVersion><LastModifiedDateTime dt:dt="string"> </LastModifiedDateTime></RunningApplication><RunningApplication><ImageName dt:dt="string">csrss.exe</ImageName><ProcessID dt:dt="string">616</ProcessID><WorkingSetSizeKB dt:dt="string"> </WorkingSetSizeKB><ImageFullName dt:dt="string"> </ImageFullName><ImageSize dt:dt="string"> </ImageSize><FileVersion dt:dt="string"> </FileVersion><LastModifiedDateTime dt:dt="string"> </LastModifiedDateTime></RunningApplication><RunningApplication><ImageName dt:dt="string">wininit.exe</ImageName><ProcessID dt:dt="string">732</ProcessID><WorkingSetSizeKB dt:dt="string"> </WorkingSetSizeKB><ImageFullName dt:dt="string"> </ImageFullName><ImageSize dt:dt="string"> </ImageSize><FileVersion dt:dt="string"> </FileVersion><LastModifiedDateTime dt:dt="string"> </LastModifiedDateTime></RunningApplication><RunningApplication><ImageName dt:dt="string">csrss.exe</ImageName><ProcessID dt:dt="string">740</ProcessID><WorkingSetSizeKB dt:dt="string"> </WorkingSetSizeKB><ImageFullName dt:dt="string"> </ImageFullName><ImageSize dt:dt="string"> </ImageSize><FileVersion dt:dt="string"> </FileVersion><LastModifiedDateTime dt:dt="string"> </LastModifiedDateTime></RunningApplication><RunningApplication><ImageName dt:dt="string">winlogon.exe</ImageName><ProcessID dt:dt="string">804</ProcessID><WorkingSetSizeKB dt:dt="string"> </WorkingSetSizeKB><ImageFullName dt:dt="string"> </ImageFullName><ImageSize dt:dt="string"> </ImageSize><FileVersion dt:dt="string"> </FileVersion><LastModifiedDateTime dt:dt="string"> </LastModifiedDateTime></RunningApplication><RunningApplication><ImageName dt:dt="string">services.exe</ImageName><ProcessID dt:dt="string">844</ProcessID><WorkingSetSizeKB dt:dt="string"> </WorkingSetSizeKB><ImageFullName dt:dt="string"> </ImageFullName><ImageSize dt:dt="string"> </ImageSize><FileVersion dt:dt="string"> </FileVersion><LastModifiedDateTime dt:dt="string"> </LastModifiedDateTime></RunningApplication><RunningApplication><ImageName dt:dt="string">lsass.exe</ImageName><ProcessID dt:dt="string">864</ProcessID><WorkingSetSizeKB dt:dt="string"> </WorkingSetSizeKB><ImageFullName dt:dt="string"> </ImageFullName><ImageSize dt:dt="string"> </ImageSize><FileVersion dt:dt="string"> </FileVersion><LastModifiedDateTime dt:dt="string"> </LastModifiedDateTime></RunningApplication><RunningApplication><ImageName dt:dt="string">lsm.exe</ImageName><ProcessID dt:dt="string">872</ProcessID><WorkingSetSizeKB dt:dt="string"> </WorkingSetSizeKB><ImageFullName dt:dt="string"> </ImageFullName><ImageSize dt:dt="string"> </ImageSize><FileVersion dt:dt="string"> </FileVersion><LastModifiedDateTime dt:dt="string"> </LastModifiedDateTime></RunningApplication><RunningApplication><ImageName dt:dt="string">svchost.exe</ImageName><ProcessID dt:dt="string">972</ProcessID><WorkingSetSizeKB dt:dt="string"> </WorkingSetSizeKB><ImageFullName dt:dt="string"> </ImageFullName><ImageSize dt:dt="string"> </ImageSize><FileVersion dt:dt="string"> </FileVersion><LastModifiedDateTime dt:dt="string"> </LastModifiedDateTime></RunningApplication><RunningApplication><ImageName dt:dt="string">SEDService.exe</ImageName><ProcessID dt:dt="string">196</ProcessID><WorkingSetSizeKB dt:dt="string"> </WorkingSetSizeKB><ImageFullName dt:dt="string"> </ImageFullName><ImageSize dt:dt="string"> </ImageSize><FileVersion dt:dt="string"> </FileVersion><LastModifiedDateTime dt:dt="string"> </LastModifiedDateTime></RunningApplication><RunningApplication><ImageName dt:dt="string">svchost.exe</ImageName><ProcessID dt:dt="string">544</ProcessID><WorkingSetSizeKB dt:dt="string"> </WorkingSetSizeKB><ImageFullName dt:dt="string"> </ImageFullName><ImageSize dt:dt="string"> </ImageSize><FileVersion dt:dt="string"> </FileVersion><LastModifiedDateTime dt:dt="string"> </LastModifiedDateTime></RunningApplication><RunningApplication><ImageName dt:dt="string">atiesrxx.exe</ImageName><ProcessID dt:dt="string">920</ProcessID><WorkingSetSizeKB dt:dt="string"> </WorkingSetSizeKB><ImageFullName dt:dt="string"> </ImageFullName><ImageSize dt:dt="string"> </ImageSize><FileVersion dt:dt="string"> </FileVersion><LastModifiedDateTime dt:dt="string"> </LastModifiedDateTime></RunningApplication><RunningApplication><ImageName dt:dt="string">svchost.exe</ImageName><ProcessID dt:dt="string">1064</ProcessID><WorkingSetSizeKB dt:dt="string"> </WorkingSetSizeKB><ImageFullName dt:dt="string"> </ImageFullName><ImageSize dt:dt="string"> </ImageSize><FileVersion dt:dt="string"> </FileVersion><LastModifiedDateTime dt:dt="string"> </LastModifiedDateTime></RunningApplication><RunningApplication><ImageName dt:dt="string">svchost.exe</ImageName><ProcessID dt:dt="string">1160</ProcessID><WorkingSetSizeKB dt:dt="string"> </WorkingSetSizeKB><ImageFullName dt:dt="string"> </ImageFullName><ImageSize dt:dt="string"> </ImageSize><FileVersion dt:dt="string"> </FileVersion><LastModifiedDateTime dt:dt="string"> </LastModifiedDateTime></RunningApplication><RunningApplication><ImageName dt:dt="string">svchost.exe</ImageName><ProcessID dt:dt="string">1184</ProcessID><WorkingSetSizeKB dt:dt="string"> </WorkingSetSizeKB><ImageFullName dt:dt="string"> </ImageFullName><ImageSize dt:dt="string"> </ImageSize><FileVersion dt:dt="string"> </FileVersion><LastModifiedDateTime dt:dt="string"> </LastModifiedDateTime></RunningApplication><RunningApplication><ImageName dt:dt="string">svchost.exe</ImageName><ProcessID dt:dt="string">1216</ProcessID><WorkingSetSizeKB dt:dt="string"> </WorkingSetSizeKB><ImageFullName dt:dt="string"> </ImageFullName><ImageSize dt:dt="string"> </ImageSize><FileVersion dt:dt="string"> </FileVersion><LastModifiedDateTime dt:dt="string"> </LastModifiedDateTime></RunningApplication><RunningApplication><ImageName dt:dt="string">svchost.exe</ImageName><ProcessID dt:dt="string">1336</ProcessID><WorkingSetSizeKB dt:dt="string"> </WorkingSetSizeKB><ImageFullName dt:dt="string"> </ImageFullName><ImageSize dt:dt="string"> </ImageSize><FileVersion dt:dt="string"> </FileVersion><LastModifiedDateTime dt:dt="string"> </LastModifiedDateTime></RunningApplication><RunningApplication><ImageName dt:dt="string">SavService.exe</ImageName><ProcessID dt:dt="string">1520</ProcessID><WorkingSetSizeKB dt:dt="string"> </WorkingSetSizeKB><ImageFullName dt:dt="string"> </ImageFullName><ImageSize dt:dt="string"> </ImageSize><FileVersion dt:dt="string"> </FileVersion><LastModifiedDateTime dt:dt="string"> </LastModifiedDateTime></RunningApplication><RunningApplication><ImageName dt:dt="string">atieclxx.exe</ImageName><ProcessID dt:dt="string">1528</ProcessID><WorkingSetSizeKB dt:dt="string"> </WorkingSetSizeKB><ImageFullName dt:dt="string"> </ImageFullName><ImageSize dt:dt="string"> </ImageSize><FileVersion dt:dt="string"> </FileVersion><LastModifiedDateTime dt:dt="string"> </LastModifiedDateTime></RunningApplication><RunningApplication><ImageName dt:dt="string">svchost.exe</ImageName><ProcessID dt:dt="string">2036</ProcessID><WorkingSetSizeKB dt:dt="string"> </WorkingSetSizeKB><ImageFullName dt:dt="string"> </ImageFullName><ImageSize dt:dt="string"> </ImageSize><FileVersion dt:dt="string"> </FileVersion><LastModifiedDateTime dt:dt="string"> </LastModifiedDateTime></RunningApplication><RunningApplication><ImageName dt:dt="string">spoolsv.exe</ImageName><ProcessID dt:dt="string">1728</ProcessID><WorkingSetSizeKB dt:dt="string"> </WorkingSetSizeKB><ImageFullName dt:dt="string"> </ImageFullName><ImageSize dt:dt="string"> </ImageSize><FileVersion dt:dt="string"> </FileVersion><LastModifiedDateTime dt:dt="string"> </LastModifiedDateTime></RunningApplication><RunningApplication><ImageName dt:dt="string">svchost.exe</ImageName><ProcessID dt:dt="string">1800</ProcessID><WorkingSetSizeKB dt:dt="string"> </WorkingSetSizeKB><ImageFullName dt:dt="string"> </ImageFullName><ImageSize dt:dt="string"> </ImageSize><FileVersion dt:dt="string"> </FileVersion><LastModifiedDateTime dt:dt="string"> </LastModifiedDateTime></RunningApplication><RunningApplication><ImageName dt:dt="string">armsvc.exe</ImageName><ProcessID dt:dt="string">2096</ProcessID><WorkingSetSizeKB dt:dt="string"> </WorkingSetSizeKB><ImageFullName dt:dt="string"> </ImageFullName><ImageSize dt:dt="string"> </ImageSize><FileVersion dt:dt="string"> </FileVersion><LastModifiedDateTime dt:dt="string"> </LastModifiedDateTime></RunningApplication><RunningApplication><ImageName dt:dt="string">AdobeUpdateService.exe</ImageName><ProcessID dt:dt="string">2128</ProcessID><WorkingSetSizeKB dt:dt="string"> </WorkingSetSizeKB><ImageFullName dt:dt="string"> </ImageFullName><ImageSize dt:dt="string"> </ImageSize><FileVersion dt:dt="string"> </FileVersion><LastModifiedDateTime dt:dt="string"> </LastModifiedDateTime></RunningApplication><RunningApplication><ImageName dt:dt="string">AGSService.exe</ImageName><ProcessID dt:dt="string">2184</ProcessID><WorkingSetSizeKB dt:dt="string"> </WorkingSetSizeKB><ImageFullName dt:dt="string"> </ImageFullName><ImageSize dt:dt="string"> </ImageSize><FileVersion dt:dt="string"> </FileVersion><LastModifiedDateTime dt:dt="string"> </LastModifiedDateTime></RunningApplication><RunningApplication><ImageName dt:dt="string">svchost.exe</ImageName><ProcessID dt:dt="string">2308</ProcessID><WorkingSetSizeKB dt:dt="string"> </WorkingSetSizeKB><ImageFullName dt:dt="string"> </ImageFullName><ImageSize dt:dt="string"> </ImageSize><FileVersion dt:dt="string"> </FileVersion><LastModifiedDateTime dt:dt="string"> </LastModifiedDateTime></RunningApplication><RunningApplication><ImageName dt:dt="string">DWRCS.EXE</ImageName><ProcessID dt:dt="string">2436</ProcessID><WorkingSetSizeKB dt:dt="string"> </WorkingSetSizeKB><ImageFullName dt:dt="string"> </ImageFullName><ImageSize dt:dt="string"> </ImageSize><FileVersion dt:dt="string"> </FileVersion><LastModifiedDateTime dt:dt="string"> </LastModifiedDateTime></RunningApplication><RunningApplication><ImageName dt:dt="string">nhsrvice.exe</ImageName><ProcessID dt:dt="string">2512</ProcessID><WorkingSetSizeKB dt:dt="string"> </WorkingSetSizeKB><ImageFullName dt:dt="string"> </ImageFullName><ImageSize dt:dt="string"> </ImageSize><FileVersion dt:dt="string"> </FileVersion><LastModifiedDateTime dt:dt="string"> </LastModifiedDateTime></RunningApplication><RunningApplication><ImageName dt:dt="string">hasplms.exe</ImageName><ProcessID dt:dt="string">2696</ProcessID><WorkingSetSizeKB dt:dt="string"> </WorkingSetSizeKB><ImageFullName dt:dt="string"> </ImageFullName><ImageSize dt:dt="string"> </ImageSize><FileVersion dt:dt="string"> </FileVersion><LastModifiedDateTime dt:dt="string"> </LastModifiedDateTime></RunningApplication><RunningApplication><ImageName dt:dt="string">HeciServer.exe</ImageName><ProcessID dt:dt="string">2928</ProcessID><WorkingSetSizeKB dt:dt="string"> </WorkingSetSizeKB><ImageFullName dt:dt="string"> </ImageFullName><ImageSize dt:dt="string"> </ImageSize><FileVersion dt:dt="string"> </FileVersion><LastModifiedDateTime dt:dt="string"> </LastModifiedDateTime></RunningApplication><RunningApplication><ImageName dt:dt="string">IPROSetMonitor.exe</ImageName><ProcessID dt:dt="string">2956</ProcessID><WorkingSetSizeKB dt:dt="string"> </WorkingSetSizeKB><ImageFullName dt:dt="string"> </ImageFullName><ImageSize dt:dt="string"> </ImageSize><FileVersion dt:dt="string"> </FileVersion><LastModifiedDateTime dt:dt="string"> </LastModifiedDateTime></RunningApplication><RunningApplication><ImageName dt:dt="string">Jhi_service.exe</ImageName><ProcessID dt:dt="string">3044</ProcessID><WorkingSetSizeKB dt:dt="string"> </WorkingSetSizeKB><ImageFullName dt:dt="string"> </ImageFullName><ImageSize dt:dt="string"> </ImageSize><FileVersion dt:dt="string"> </FileVersion><LastModifiedDateTime dt:dt="string"> </LastModifiedDateTime></RunningApplication><RunningApplication><ImageName dt:dt="string">lkads.exe</ImageName><ProcessID dt:dt="string">3256</ProcessID><WorkingSetSizeKB dt:dt="string"> </WorkingSetSizeKB><ImageFullName dt:dt="string"> </ImageFullName><ImageSize dt:dt="string"> </ImageSize><FileVersion dt:dt="string"> </FileVersion><LastModifiedDateTime dt:dt="string"> </LastModifiedDateTime></RunningApplication><RunningApplication><ImageName dt:dt="string">hasplmv.exe</ImageName><ProcessID dt:dt="string">3312</ProcessID><WorkingSetSizeKB dt:dt="string"> </WorkingSetSizeKB><ImageFullName dt:dt="string"> </ImageFullName><ImageSize dt:dt="string"> </ImageSize><FileVersion dt:dt="string"> </FileVersion><LastModifiedDateTime dt:dt="string"> </LastModifiedDateTime></RunningApplication><RunningApplication><ImageName dt:dt="string">nimxs.exe</ImageName><ProcessID dt:dt="string">3340</ProcessID><WorkingSetSizeKB dt:dt="string"> </WorkingSetSizeKB><ImageFullName dt:dt="string"> </ImageFullName><ImageSize dt:dt="string"> </ImageSize><FileVersion dt:dt="string"> </FileVersion><LastModifiedDateTime dt:dt="string"> </LastModifiedDateTime></RunningApplication><RunningApplication><ImageName dt:dt="string">svchost.exe</ImageName><ProcessID dt:dt="string">3360</ProcessID><WorkingSetSizeKB dt:dt="string"> </WorkingSetSizeKB><ImageFullName dt:dt="string"> </ImageFullName><ImageSize dt:dt="string"> </ImageSize><FileVersion dt:dt="string"> </FileVersion><LastModifiedDateTime dt:dt="string"> </LastModifiedDateTime></RunningApplication><RunningApplication><ImageName dt:dt="string">niauth_daemon.exe</ImageName><ProcessID dt:dt="string">3392</ProcessID><WorkingSetSizeKB dt:dt="string"> </WorkingSetSizeKB><ImageFullName dt:dt="string"> </ImageFullName><ImageSize dt:dt="string"> </ImageSize><FileVersion dt:dt="string"> </FileVersion><LastModifiedDateTime dt:dt="string"> </LastModifiedDateTime></RunningApplication><RunningApplication><ImageName dt:dt="string">nidmsrv.exe</ImageName><ProcessID dt:dt="string">3424</ProcessID><WorkingSetSizeKB dt:dt="string"> </WorkingSetSizeKB><ImageFullName dt:dt="string"> </ImageFullName><ImageSize dt:dt="string"> </ImageSize><FileVersion dt:dt="string"> </FileVersion><LastModifiedDateTime dt:dt="string"> </LastModifiedDateTime></RunningApplication><RunningApplication><ImageName dt:dt="string">nisvcloc.exe</ImageName><ProcessID dt:dt="string">3488</ProcessID><WorkingSetSizeKB dt:dt="string"> </WorkingSetSizeKB><ImageFullName dt:dt="string"> </ImageFullName><ImageSize dt:dt="string"> </ImageSize><FileVersion dt:dt="string"> </FileVersion><LastModifiedDateTime dt:dt="string"> </LastModifiedDateTime></RunningApplication><RunningApplication><ImageName dt:dt="string">tagsrv.exe</ImageName><ProcessID dt:dt="string">3584</ProcessID><WorkingSetSizeKB dt:dt="string"> </WorkingSetSizeKB><ImageFullName dt:dt="string"> </ImageFullName><ImageSize dt:dt="string"> </ImageSize><FileVersion dt:dt="string"> </FileVersion><LastModifiedDateTime dt:dt="string"> </LastModifiedDateTime></RunningApplication><RunningApplication><ImageName dt:dt="string">svchost.exe</ImageName><ProcessID dt:dt="string">3676</ProcessID><WorkingSetSizeKB dt:dt="string"> </WorkingSetSizeKB><ImageFullName dt:dt="string"> </ImageFullName><ImageSize dt:dt="string"> </ImageSize><FileVersion dt:dt="string"> </FileVersion><LastModifiedDateTime dt:dt="string"> </LastModifiedDateTime></RunningApplication><RunningApplication><ImageName dt:dt="string">hasplmv.exe</ImageName><ProcessID dt:dt="string">3844</ProcessID><WorkingSetSizeKB dt:dt="string"> </WorkingSetSizeKB><ImageFullName dt:dt="string"> </ImageFullName><ImageSize dt:dt="string"> </ImageSize><FileVersion dt:dt="string"> </FileVersion><LastModifiedDateTime dt:dt="string"> </LastModifiedDateTime></RunningApplication><RunningApplication><ImageName dt:dt="string">SAVAdminService.exe</ImageName><ProcessID dt:dt="string">4072</ProcessID><WorkingSetSizeKB dt:dt="string"> </WorkingSetSizeKB><ImageFullName dt:dt="string"> </ImageFullName><ImageSize dt:dt="string"> </ImageSize><FileVersion dt:dt="string"> </FileVersion><LastModifiedDateTime dt:dt="string"> </LastModifiedDateTime></RunningApplication><RunningApplication><ImageName dt:dt="string">snowagent.exe</ImageName><ProcessID dt:dt="string">3592</ProcessID><WorkingSetSizeKB dt:dt="string"> </WorkingSetSizeKB><ImageFullName dt:dt="string"> </ImageFullName><ImageSize dt:dt="string"> </ImageSize><FileVersion dt:dt="string"> </FileVersion><LastModifiedDateTime dt:dt="string"> </LastModifiedDateTime></RunningApplication><RunningApplication><ImageName dt:dt="string">SophosNtpService.exe</ImageName><ProcessID dt:dt="string">3828</ProcessID><WorkingSetSizeKB dt:dt="string"> </WorkingSetSizeKB><ImageFullName dt:dt="string"> </ImageFullName><ImageSize dt:dt="string"> </ImageSize><FileVersion dt:dt="string"> </FileVersion><LastModifiedDateTime dt:dt="string"> </LastModifiedDateTime></RunningApplication><RunningApplication><ImageName dt:dt="string">ManagementAgentNT.exe</ImageName><ProcessID dt:dt="string">4396</ProcessID><WorkingSetSizeKB dt:dt="string"> </WorkingSetSizeKB><ImageFullName dt:dt="string"> </ImageFullName><ImageSize dt:dt="string"> </ImageSize><FileVersion dt:dt="string"> </FileVersion><LastModifiedDateTime dt:dt="string"> </LastModifiedDateTime></RunningApplication><RunningApplication><ImageName dt:dt="string">ALsvc.exe</ImageName><ProcessID dt:dt="string">4564</ProcessID><WorkingSetSizeKB dt:dt="string"> </WorkingSetSizeKB><ImageFullName dt:dt="string"> </ImageFullName><ImageSize dt:dt="string"> </ImageSize><FileVersion dt:dt="string"> </FileVersion><LastModifiedDateTime dt:dt="string"> </LastModifiedDateTime></RunningApplication><RunningApplication><ImageName dt:dt="string">SSPService.exe</ImageName><ProcessID dt:dt="string">4668</ProcessID><WorkingSetSizeKB dt:dt="string"> </WorkingSetSizeKB><ImageFullName dt:dt="string"> </ImageFullName><ImageSize dt:dt="string"> </ImageSize><FileVersion dt:dt="string"> </FileVersion><LastModifiedDateTime dt:dt="string"> </LastModifiedDateTime></RunningApplication><RunningApplication><ImageName dt:dt="string">swc_service.exe</ImageName><ProcessID dt:dt="string">4760</ProcessID><WorkingSetSizeKB dt:dt="string"> </WorkingSetSizeKB><ImageFullName dt:dt="string"> </ImageFullName><ImageSize dt:dt="string"> </ImageSize><FileVersion dt:dt="string"> </FileVersion><LastModifiedDateTime dt:dt="string"> </LastModifiedDateTime></RunningApplication><RunningApplication><ImageName dt:dt="string">sqlwriter.exe</ImageName><ProcessID dt:dt="string">4816</ProcessID><WorkingSetSizeKB dt:dt="string"> </WorkingSetSizeKB><ImageFullName dt:dt="string"> </ImageFullName><ImageSize dt:dt="string"> </ImageSize><FileVersion dt:dt="string"> </FileVersion><LastModifiedDateTime dt:dt="string"> </LastModifiedDateTime></RunningApplication><RunningApplication><ImageName dt:dt="string">svchost.exe</ImageName><ProcessID dt:dt="string">4876</ProcessID><WorkingSetSizeKB dt:dt="string"> </WorkingSetSizeKB><ImageFullName dt:dt="string"> </ImageFullName><ImageSize dt:dt="string"> </ImageSize><FileVersion dt:dt="string"> </FileVersion><LastModifiedDateTime dt:dt="string"> </LastModifiedDateTime></RunningApplication><RunningApplication><ImageName dt:dt="string">swi_service.exe</ImageName><ProcessID dt:dt="string">4960</ProcessID><WorkingSetSizeKB dt:dt="string"> </WorkingSetSizeKB><ImageFullName dt:dt="string"> </ImageFullName><ImageSize dt:dt="string"> </ImageSize><FileVersion dt:dt="string"> </FileVersion><LastModifiedDateTime dt:dt="string"> </LastModifiedDateTime></RunningApplication><RunningApplication><ImageName dt:dt="string">lkcitdl.exe</ImageName><ProcessID dt:dt="string">4496</ProcessID><WorkingSetSizeKB dt:dt="string"> </WorkingSetSizeKB><ImageFullName dt:dt="string"> </ImageFullName><ImageSize dt:dt="string"> </ImageSize><FileVersion dt:dt="string"> </FileVersion><LastModifiedDateTime dt:dt="string"> </LastModifiedDateTime></RunningApplication><RunningApplication><ImageName dt:dt="string">lktsrv.exe</ImageName><ProcessID dt:dt="string">5152</ProcessID><WorkingSetSizeKB dt:dt="string"> </WorkingSetSizeKB><ImageFullName dt:dt="string"> </ImageFullName><ImageSize dt:dt="string"> </ImageSize><FileVersion dt:dt="string"> </FileVersion><LastModifiedDateTime dt:dt="string"> </LastModifiedDateTime></RunningApplication><RunningApplication><ImageName dt:dt="string">nimdnsResponder.exe</ImageName><ProcessID dt:dt="string">5272</ProcessID><WorkingSetSizeKB dt:dt="string"> </WorkingSetSizeKB><ImageFullName dt:dt="string"> </ImageFullName><ImageSize dt:dt="string"> </ImageSize><FileVersion dt:dt="string"> </FileVersion><LastModifiedDateTime dt:dt="string"> </LastModifiedDateTime></RunningApplication><RunningApplication><ImageName dt:dt="string">SystemWebServer.exe</ImageName><ProcessID dt:dt="string">5312</ProcessID><WorkingSetSizeKB dt:dt="string"> </WorkingSetSizeKB><ImageFullName dt:dt="string"> </ImageFullName><ImageSize dt:dt="string"> </ImageSize><FileVersion dt:dt="string"> </FileVersion><LastModifiedDateTime dt:dt="string"> </LastModifiedDateTime></RunningApplication><RunningApplication><ImageName dt:dt="string">WmiPrvSE.exe</ImageName><ProcessID dt:dt="string">6012</ProcessID><WorkingSetSizeKB dt:dt="string"> </WorkingSetSizeKB><ImageFullName dt:dt="string"> </ImageFullName><ImageSize dt:dt="string"> </ImageSize><FileVersion dt:dt="string"> </FileVersion><LastModifiedDateTime dt:dt="string"> </LastModifiedDateTime></RunningApplication><RunningApplication><ImageName dt:dt="string">WmiPrvSE.exe</ImageName><ProcessID dt:dt="string">6096</ProcessID><WorkingSetSizeKB dt:dt="string"> </WorkingSetSizeKB><ImageFullName dt:dt="string"> </ImageFullName><ImageSize dt:dt="string"> </ImageSize><FileVersion dt:dt="string"> </FileVersion><LastModifiedDateTime dt:dt="string"> </LastModifiedDateTime></RunningApplication><RunningApplication><ImageName dt:dt="string">ApplicationWebServer.exe</ImageName><ProcessID dt:dt="string">4660</ProcessID><WorkingSetSizeKB dt:dt="string"> </WorkingSetSizeKB><ImageFullName dt:dt="string"> </ImageFullName><ImageSize dt:dt="string"> </ImageSize><FileVersion dt:dt="string"> </FileVersion><LastModifiedDateTime dt:dt="string"> </LastModifiedDateTime></RunningApplication><RunningApplication><ImageName dt:dt="string">NIWebServiceContainer.exe</ImageName><ProcessID dt:dt="string">5856</ProcessID><WorkingSetSizeKB dt:dt="string"> </WorkingSetSizeKB><ImageFullName dt:dt="string"> </ImageFullName><ImageSize dt:dt="string"> </ImageSize><FileVersion dt:dt="string"> </FileVersion><LastModifiedDateTime dt:dt="string"> </LastModifiedDateTime></RunningApplication><RunningApplication><ImageName dt:dt="string">NIWebServiceContainer.exe</ImageName><ProcessID dt:dt="string">5924</ProcessID><WorkingSetSizeKB dt:dt="string"> </WorkingSetSizeKB><ImageFullName dt:dt="string"> </ImageFullName><ImageSize dt:dt="string"> </ImageSize><FileVersion dt:dt="string"> </FileVersion><LastModifiedDateTime dt:dt="string"> </LastModifiedDateTime></RunningApplication><RunningApplication><ImageName dt:dt="string">NIWebServiceContainer.exe</ImageName><ProcessID dt:dt="string">6052</ProcessID><WorkingSetSizeKB dt:dt="string"> </WorkingSetSizeKB><ImageFullName dt:dt="string"> </ImageFullName><ImageSize dt:dt="string"> </ImageSize><FileVersion dt:dt="string"> </FileVersion><LastModifiedDateTime dt:dt="string"> </LastModifiedDateTime></RunningApplication><RunningApplication><ImageName dt:dt="string">PrintIsolationHost.exe</ImageName><ProcessID dt:dt="string">4508</ProcessID><WorkingSetSizeKB dt:dt="string"> </WorkingSetSizeKB><ImageFullName dt:dt="string"> </ImageFullName><ImageSize dt:dt="string"> </ImageSize><FileVersion dt:dt="string"> </FileVersion><LastModifiedDateTime dt:dt="string"> </LastModifiedDateTime></RunningApplication><RunningApplication><ImageName dt:dt="string">sdcservice.exe</ImageName><ProcessID dt:dt="string">6216</ProcessID><WorkingSetSizeKB dt:dt="string"> </WorkingSetSizeKB><ImageFullName dt:dt="string"> </ImageFullName><ImageSize dt:dt="string"> </ImageSize><FileVersion dt:dt="string"> </FileVersion><LastModifiedDateTime dt:dt="string"> </LastModifiedDateTime></RunningApplication><RunningApplication><ImageName dt:dt="string">svchost.exe</ImageName><ProcessID dt:dt="string">6728</ProcessID><WorkingSetSizeKB dt:dt="string"> </WorkingSetSizeKB><ImageFullName dt:dt="string"> </ImageFullName><ImageSize dt:dt="string"> </ImageSize><FileVersion dt:dt="string"> </FileVersion><LastModifiedDateTime dt:dt="string"> </LastModifiedDateTime></RunningApplication><RunningApplication><ImageName dt:dt="string">svchost.exe</ImageName><ProcessID dt:dt="string">7004</ProcessID><WorkingSetSizeKB dt:dt="string"> </WorkingSetSizeKB><ImageFullName dt:dt="string"> </ImageFullName><ImageSize dt:dt="string"> </ImageSize><FileVersion dt:dt="string"> </FileVersion><LastModifiedDateTime dt:dt="string"> </LastModifiedDateTime></RunningApplication><RunningApplication><ImageName dt:dt="string">taskhost.exe</ImageName><ProcessID dt:dt="string">3112</ProcessID><WorkingSetSizeKB dt:dt="string">26910</WorkingSetSizeKB><ImageFullName dt:dt="string"> </ImageFullName><ImageSize dt:dt="string"> </ImageSize><FileVersion dt:dt="string"> </FileVersion><LastModifiedDateTime dt:dt="string"> </LastModifiedDateTime></RunningApplication><RunningApplication><ImageName dt:dt="string">taskeng.exe</ImageName><ProcessID dt:dt="string">508</ProcessID><WorkingSetSizeKB dt:dt="string">8794</WorkingSetSizeKB><ImageFullName dt:dt="string"> </ImageFullName><ImageSize dt:dt="string"> </ImageSize><FileVersion dt:dt="string"> </FileVersion><LastModifiedDateTime dt:dt="string"> </LastModifiedDateTime></RunningApplication><RunningApplication><ImageName dt:dt="string">DWRCST.EXE</ImageName><ProcessID dt:dt="string">5896</ProcessID><WorkingSetSizeKB dt:dt="string">8826</WorkingSetSizeKB><ImageFullName dt:dt="string">C:\windows\SysWOW64\DWRCST.exe</ImageFullName><ImageSize dt:dt="string">78848</ImageSize><FileVersion dt:dt="string">6.8.1.4</FileVersion><LastModifiedDateTime dt:dt="string">02/04/2009 15:35:00</LastModifiedDateTime></RunningApplication><RunningApplication><ImageName dt:dt="string">itype.exe</ImageName><ProcessID dt:dt="string">3436</ProcessID><WorkingSetSizeKB dt:dt="string">2482</WorkingSetSizeKB><ImageFullName dt:dt="string"> </ImageFullName><ImageSize dt:dt="string"> </ImageSize><FileVersion dt:dt="string"> </FileVersion><LastModifiedDateTime dt:dt="string"> </LastModifiedDateTime></RunningApplication><RunningApplication><ImageName dt:dt="string">ipoint.exe</ImageName><ProcessID dt:dt="string">3668</ProcessID><WorkingSetSizeKB dt:dt="string">3178</WorkingSetSizeKB><ImageFullName dt:dt="string"> </ImageFullName><ImageSize dt:dt="string"> </ImageSize><FileVersion dt:dt="string"> </FileVersion><LastModifiedDateTime dt:dt="string"> </LastModifiedDateTime></RunningApplication><RunningApplication><ImageName dt:dt="string">svchost.exe</ImageName><ProcessID dt:dt="string">7044</ProcessID><WorkingSetSizeKB dt:dt="string"> </WorkingSetSizeKB><ImageFullName dt:dt="string"> </ImageFullName><ImageSize dt:dt="string"> </ImageSize><FileVersion dt:dt="string"> </FileVersion><LastModifiedDateTime dt:dt="string"> </LastModifiedDateTime></RunningApplication><RunningApplication><ImageName dt:dt="string">dwm.exe</ImageName><ProcessID dt:dt="string">6580</ProcessID><WorkingSetSizeKB dt:dt="string">10641</WorkingSetSizeKB><ImageFullName dt:dt="string"> </ImageFullName><ImageSize dt:dt="string"> </ImageSize><FileVersion dt:dt="string"> </FileVersion><LastModifiedDateTime dt:dt="string"> </LastModifiedDateTime></RunningApplication><RunningApplication><ImageName dt:dt="string">explorer.exe</ImageName><ProcessID dt:dt="string">6520</ProcessID><WorkingSetSizeKB dt:dt="string">113369</WorkingSetSizeKB><ImageFullName dt:dt="string"> </ImageFullName><ImageSize dt:dt="string"> </ImageSize><FileVersion dt:dt="string"> </FileVersion><LastModifiedDateTime dt:dt="string"> </LastModifiedDateTime></RunningApplication><RunningApplication><ImageName dt:dt="string">RtDCpl64.exe</ImageName><ProcessID dt:dt="string">6276</ProcessID><WorkingSetSizeKB dt:dt="string">9375</WorkingSetSizeKB><ImageFullName dt:dt="string"> </ImageFullName><ImageSize dt:dt="string"> </ImageSize><FileVersion dt:dt="string"> </FileVersion><LastModifiedDateTime dt:dt="string"> </LastModifiedDateTime></RunningApplication><RunningApplication><ImageName dt:dt="string">DevDtct2.exe</ImageName><ProcessID dt:dt="string">6128</ProcessID><WorkingSetSizeKB dt:dt="string">12181</WorkingSetSizeKB><ImageFullName dt:dt="string">C:\Program Files (x86)\Olympus\DeviceDetector\DevDtct2.exe</ImageFullName><ImageSize dt:dt="string">118784</ImageSize><FileVersion dt:dt="string">3.2.5.0</FileVersion><LastModifiedDateTime dt:dt="string">02/22/2007 18:32:12</LastModifiedDateTime></RunningApplication><RunningApplication><ImageName dt:dt="string">iusb3mon.exe</ImageName><ProcessID dt:dt="string">5476</ProcessID><WorkingSetSizeKB dt:dt="string">7340</WorkingSetSizeKB><ImageFullName dt:dt="string">C:\Program Files (x86)\Intel\Intel(R) USB 3.0 eXtensible Host Controller Driver\Application\iusb3mon.exe</ImageFullName><ImageSize dt:dt="string">290688</ImageSize><FileVersion dt:dt="string">1.0.6.245</FileVersion><LastModifiedDateTime dt:dt="string">10/25/2012 02:49:36</LastModifiedDateTime></RunningApplication><RunningApplication><ImageName dt:dt="string">nierserver.exe</ImageName><ProcessID dt:dt="string">4352</ProcessID><WorkingSetSizeKB dt:dt="string">6762</WorkingSetSizeKB><ImageFullName dt:dt="string"> </ImageFullName><ImageSize dt:dt="string"> </ImageSize><FileVersion dt:dt="string"> </FileVersion><LastModifiedDateTime dt:dt="string"> </LastModifiedDateTime></RunningApplication><RunningApplication><ImageName dt:dt="string">ONENOTEM.EXE</ImageName><ProcessID dt:dt="string">632</ProcessID><WorkingSetSizeKB dt:dt="string">2195</WorkingSetSizeKB><ImageFullName dt:dt="string">C:\Program Files (x86)\Microsoft Office\Office16\ONENOTEM.EXE</ImageFullName><ImageSize dt:dt="string">157872</ImageSize><FileVersion dt:dt="string">16.0.4266.1001</FileVersion><LastModifiedDateTime dt:dt="string">07/31/2015 10:57:16</LastModifiedDateTime></RunningApplication><RunningApplication><ImageName dt:dt="string">ALMon.exe</ImageName><ProcessID dt:dt="string">6572</ProcessID><WorkingSetSizeKB dt:dt="string">1036</WorkingSetSizeKB><ImageFullName dt:dt="string">C:\Program Files (x86)\Sophos\AutoUpdate\ALMon.exe</ImageFullName><ImageSize dt:dt="string">1539320</ImageSize><FileVersion dt:dt="string">5.15.166.166</FileVersion><LastModifiedDateTime dt:dt="string">09/30/2019 09:59:50</LastModifiedDateTime></RunningApplication><RunningApplication><ImageName dt:dt="string">Creative Cloud.exe</ImageName><ProcessID dt:dt="string">6552</ProcessID><WorkingSetSizeKB dt:dt="string">102092</WorkingSetSizeKB><ImageFullName dt:dt="string">C:\Program Files (x86)\Adobe\Adobe Creative Cloud\ACC\Creative Cloud.exe</ImageFullName><ImageSize dt:dt="string">2409944</ImageSize><FileVersion dt:dt="string">4.6.0.391</FileVersion><LastModifiedDateTime dt:dt="string">07/11/2018 02:27:06</LastModifiedDateTime></RunningApplication><RunningApplication><ImageName dt:dt="string">acrotray.exe</ImageName><ProcessID dt:dt="string">6548</ProcessID><WorkingSetSizeKB dt:dt="string">6381</WorkingSetSizeKB><ImageFullName dt:dt="string">C:\Program Files (x86)\Adobe\Acrobat DC\Acrobat\acrotray.exe</ImageFullName><ImageSize dt:dt="string">1871344</ImageSize><FileVersion dt:dt="string">18.9.20044.55097</FileVersion><LastModifiedDateTime dt:dt="string">11/04/2017 20:57:50</LastModifiedDateTime></RunningApplication><RunningApplication><ImageName dt:dt="string">MOM.exe</ImageName><ProcessID dt:dt="string">1156</ProcessID><WorkingSetSizeKB dt:dt="string">5312</WorkingSetSizeKB><ImageFullName dt:dt="string"> </ImageFullName><ImageSize dt:dt="string"> </ImageSize><FileVersion dt:dt="string"> </FileVersion><LastModifiedDateTime dt:dt="string"> </LastModifiedDateTime></RunningApplication><RunningApplication><ImageName dt:dt="string">AdobeIPCBroker.exe</ImageName><ProcessID dt:dt="string">7248</ProcessID><WorkingSetSizeKB dt:dt="string">10481</WorkingSetSizeKB><ImageFullName dt:dt="string">C:\Program Files (x86)\Common Files\Adobe\OOBE\PDApp\IPC\AdobeIPCBroker.exe</ImageFullName><ImageSize dt:dt="string">1077240</ImageSize><FileVersion dt:dt="string">5.4.0.57</FileVersion><LastModifiedDateTime dt:dt="string">12/04/2017 23:33:20</LastModifiedDateTime></RunningApplication><RunningApplication><ImageName dt:dt="string">SearchIndexer.exe</ImageName><ProcessID dt:dt="string">7536</ProcessID><WorkingSetSizeKB dt:dt="string"> </WorkingSetSizeKB><ImageFullName dt:dt="string"> </ImageFullName><ImageSize dt:dt="string"> </ImageSize><FileVersion dt:dt="string"> </FileVersion><LastModifiedDateTime dt:dt="string"> </LastModifiedDateTime></RunningApplication><RunningApplication><ImageName dt:dt="string">CCC.exe</ImageName><ProcessID dt:dt="string">7596</ProcessID><WorkingSetSizeKB dt:dt="string">31514</WorkingSetSizeKB><ImageFullName dt:dt="string"> </ImageFullName><ImageSize dt:dt="string"> </ImageSize><FileVersion dt:dt="string"> </FileVersion><LastModifiedDateTime dt:dt="string"> </LastModifiedDateTime></RunningApplication><RunningApplication><ImageName dt:dt="string">Adobe Desktop Service.exe</ImageName><ProcessID dt:dt="string">8880</ProcessID><WorkingSetSizeKB dt:dt="string">186777</WorkingSetSizeKB><ImageFullName dt:dt="string">C:\Program Files (x86)\Common Files\Adobe\Adobe Desktop Common\ADS\Adobe Desktop Service.exe</ImageFullName><ImageSize dt:dt="string">2386392</ImageSize><FileVersion dt:dt="string">4.6.0.391</FileVersion><LastModifiedDateTime dt:dt="string">07/11/2018 02:27:06</LastModifiedDateTime></RunningApplication><RunningApplication><ImageName dt:dt="string">Adobe CEF Helper.exe</ImageName><ProcessID dt:dt="string">9052</ProcessID><WorkingSetSizeKB dt:dt="string">68116</WorkingSetSizeKB><ImageFullName dt:dt="string">C:\Program Files (x86)\Common Files\Adobe\Adobe Desktop Common\HEX\Adobe CEF Helper.exe</ImageFullName><ImageSize dt:dt="string">398296</ImageSize><FileVersion dt:dt="string">4.6.0.391</FileVersion><LastModifiedDateTime dt:dt="string">07/11/2018 02:27:08</LastModifiedDateTime></RunningApplication><RunningApplication><ImageName dt:dt="string">CcmExec.exe</ImageName><ProcessID dt:dt="string">8384</ProcessID><WorkingSetSizeKB dt:dt="string"> </WorkingSetSizeKB><ImageFullName dt:dt="string"> </ImageFullName><ImageSize dt:dt="string"> </ImageSize><FileVersion dt:dt="string"> </FileVersion><LastModifiedDateTime dt:dt="string"> </LastModifiedDateTime></RunningApplication><RunningApplication><ImageName dt:dt="string">CoreSync.exe</ImageName><ProcessID dt:dt="string">3076</ProcessID><WorkingSetSizeKB dt:dt="string">18878</WorkingSetSizeKB><ImageFullName dt:dt="string">C:\Program Files (x86)\Adobe\Adobe Sync\Coresync\Coresync.exe</ImageFullName><ImageSize dt:dt="string">35618752</ImageSize><FileVersion dt:dt="string">3.1.0.8</FileVersion><LastModifiedDateTime dt:dt="string">07/13/2018 10:38:06</LastModifiedDateTime></RunningApplication><RunningApplication><ImageName dt:dt="string">CCXProcess.exe</ImageName><ProcessID dt:dt="string">6900</ProcessID><WorkingSetSizeKB dt:dt="string">2539</WorkingSetSizeKB><ImageFullName dt:dt="string">C:\Program Files (x86)\Adobe\Adobe Creative Cloud Experience\CCXProcess.exe</ImageFullName><ImageSize dt:dt="string">143912</ImageSize><FileVersion dt:dt="string">2.2.1.120</FileVersion><LastModifiedDateTime dt:dt="string">04/12/2018 21:33:16</LastModifiedDateTime></RunningApplication><RunningApplication><ImageName dt:dt="string">node.exe</ImageName><ProcessID dt:dt="string">3204</ProcessID><WorkingSetSizeKB dt:dt="string">63037</WorkingSetSizeKB><ImageFullName dt:dt="string">C:\Program Files (x86)\Adobe\Adobe Creative Cloud Experience\libs\node.exe</ImageFullName><ImageSize dt:dt="string">15057048</ImageSize><FileVersion dt:dt="string">6.12.3.0</FileVersion><LastModifiedDateTime dt:dt="string">01/02/2018 09:38:46</LastModifiedDateTime></RunningApplication><RunningApplication><ImageName dt:dt="string">conhost.exe</ImageName><ProcessID dt:dt="string">4320</ProcessID><WorkingSetSizeKB dt:dt="string">5169</WorkingSetSizeKB><ImageFullName dt:dt="string"> </ImageFullName><ImageSize dt:dt="string"> </ImageSize><FileVersion dt:dt="string"> </FileVersion><LastModifiedDateTime dt:dt="string"> </LastModifiedDateTime></RunningApplication><RunningApplication><ImageName dt:dt="string">Adobe CEF Helper.exe</ImageName><ProcessID dt:dt="string">8720</ProcessID><WorkingSetSizeKB dt:dt="string">70148</WorkingSetSizeKB><ImageFullName dt:dt="string">C:\Program Files (x86)\Common Files\Adobe\Adobe Desktop Common\HEX\Adobe CEF Helper.exe</ImageFullName><ImageSize dt:dt="string">398296</ImageSize><FileVersion dt:dt="string">4.6.0.391</FileVersion><LastModifiedDateTime dt:dt="string">07/11/2018 02:27:08</LastModifiedDateTime></RunningApplication><RunningApplication><ImageName dt:dt="string">PresentationFontCache.exe</ImageName><ProcessID dt:dt="string">7296</ProcessID><WorkingSetSizeKB dt:dt="string"> </WorkingSetSizeKB><ImageFullName dt:dt="string"> </ImageFullName><ImageSize dt:dt="string"> </ImageSize><FileVersion dt:dt="string"> </FileVersion><LastModifiedDateTime dt:dt="string"> </LastModifiedDateTime></RunningApplication><RunningApplication><ImageName dt:dt="string">WmiPrvSE.exe</ImageName><ProcessID dt:dt="string">6200</ProcessID><WorkingSetSizeKB dt:dt="string"> </WorkingSetSizeKB><ImageFullName dt:dt="string"> </ImageFullName><ImageSize dt:dt="string"> </ImageSize><FileVersion dt:dt="string"> </FileVersion><LastModifiedDateTime dt:dt="string"> </LastModifiedDateTime></RunningApplication><RunningApplication><ImageName dt:dt="string">CmRcService.exe</ImageName><ProcessID dt:dt="string">8664</ProcessID><WorkingSetSizeKB dt:dt="string"> </WorkingSetSizeKB><ImageFullName dt:dt="string"> </ImageFullName><ImageSize dt:dt="string"> </ImageSize><FileVersion dt:dt="string"> </FileVersion><LastModifiedDateTime dt:dt="string"> </LastModifiedDateTime></RunningApplication><RunningApplication><ImageName dt:dt="string">LMS.exe</ImageName><ProcessID dt:dt="string">9348</ProcessID><WorkingSetSizeKB dt:dt="string"> </WorkingSetSizeKB><ImageFullName dt:dt="string"> </ImageFullName><ImageSize dt:dt="string"> </ImageSize><FileVersion dt:dt="string"> </FileVersion><LastModifiedDateTime dt:dt="string"> </LastModifiedDateTime></RunningApplication><RunningApplication><ImageName dt:dt="string">RouterNT.exe</ImageName><ProcessID dt:dt="string">9476</ProcessID><WorkingSetSizeKB dt:dt="string"> </WorkingSetSizeKB><ImageFullName dt:dt="string"> </ImageFullName><ImageSize dt:dt="string"> </ImageSize><FileVersion dt:dt="string"> </FileVersion><LastModifiedDateTime dt:dt="string"> </LastModifiedDateTime></RunningApplication><RunningApplication><ImageName dt:dt="string">WmiPrvSE.exe</ImageName><ProcessID dt:dt="string">5028</ProcessID><WorkingSetSizeKB dt:dt="string"> </WorkingSetSizeKB><ImageFullName dt:dt="string"> </ImageFullName><ImageSize dt:dt="string"> </ImageSize><FileVersion dt:dt="string"> </FileVersion><LastModifiedDateTime dt:dt="string"> </LastModifiedDateTime></RunningApplication><RunningApplication><ImageName dt:dt="string">UNS.exe</ImageName><ProcessID dt:dt="string">9268</ProcessID><WorkingSetSizeKB dt:dt="string"> </WorkingSetSizeKB><ImageFullName dt:dt="string"> </ImageFullName><ImageSize dt:dt="string"> </ImageSize><FileVersion dt:dt="string"> </FileVersion><LastModifiedDateTime dt:dt="string"> </LastModifiedDateTime></RunningApplication><RunningApplication><ImageName dt:dt="string">WmiPrvSE.exe</ImageName><ProcessID dt:dt="string">552</ProcessID><WorkingSetSizeKB dt:dt="string"> </WorkingSetSizeKB><ImageFullName dt:dt="string"> </ImageFullName><ImageSize dt:dt="string"> </ImageSize><FileVersion dt:dt="string"> </FileVersion><LastModifiedDateTime dt:dt="string"> </LastModifiedDateTime></RunningApplication><RunningApplication><ImageName dt:dt="string">SCNotification.exe</ImageName><ProcessID dt:dt="string">10228</ProcessID><WorkingSetSizeKB dt:dt="string">49197</WorkingSetSizeKB><ImageFullName dt:dt="string"> </ImageFullName><ImageSize dt:dt="string"> </ImageSize><FileVersion dt:dt="string"> </FileVersion><LastModifiedDateTime dt:dt="string"> </LastModifiedDateTime></RunningApplication><RunningApplication><ImageName dt:dt="string">dllhost.exe</ImageName><ProcessID dt:dt="string">5408</ProcessID><WorkingSetSizeKB dt:dt="string">9289</WorkingSetSizeKB><ImageFullName dt:dt="string">C:\windows\SysWOW64\DllHost.exe</ImageFullName><ImageSize dt:dt="string">7168</ImageSize><FileVersion dt:dt="string">6.1.7600.16385</FileVersion><LastModifiedDateTime dt:dt="string">07/14/2009 02:14:18</LastModifiedDateTime></RunningApplication><RunningApplication><ImageName dt:dt="string">chrome.exe</ImageName><ProcessID dt:dt="string">1008</ProcessID><WorkingSetSizeKB dt:dt="string">200634</WorkingSetSizeKB><ImageFullName dt:dt="string"> </ImageFullName><ImageSize dt:dt="string"> </ImageSize><FileVersion dt:dt="string"> </FileVersion><LastModifiedDateTime dt:dt="string"> </LastModifiedDateTime></RunningApplication><RunningApplication><ImageName dt:dt="string">chrome.exe</ImageName><ProcessID dt:dt="string">7704</ProcessID><WorkingSetSizeKB dt:dt="string">7766</WorkingSetSizeKB><ImageFullName dt:dt="string"> </ImageFullName><ImageSize dt:dt="string"> </ImageSize><FileVersion dt:dt="string"> </FileVersion><LastModifiedDateTime dt:dt="string"> </LastModifiedDateTime></RunningApplication><RunningApplication><ImageName dt:dt="string">chrome.exe</ImageName><ProcessID dt:dt="string">7264</ProcessID><WorkingSetSizeKB dt:dt="string">8900</WorkingSetSizeKB><ImageFullName dt:dt="string"> </ImageFullName><ImageSize dt:dt="string"> </ImageSize><FileVersion dt:dt="string"> </FileVersion><LastModifiedDateTime dt:dt="string"> </LastModifiedDateTime></RunningApplication><RunningApplication><ImageName dt:dt="string">chrome.exe</ImageName><ProcessID dt:dt="string">12916</ProcessID><WorkingSetSizeKB dt:dt="string">153440</WorkingSetSizeKB><ImageFullName dt:dt="string"> </ImageFullName><ImageSize dt:dt="string"> </ImageSize><FileVersion dt:dt="string"> </FileVersion><LastModifiedDateTime dt:dt="string"> </LastModifiedDateTime></RunningApplication><RunningApplication><ImageName dt:dt="string">chrome.exe</ImageName><ProcessID dt:dt="string">8408</ProcessID><WorkingSetSizeKB dt:dt="string">70021</WorkingSetSizeKB><ImageFullName dt:dt="string"> </ImageFullName><ImageSize dt:dt="string"> </ImageSize><FileVersion dt:dt="string"> </FileVersion><LastModifiedDateTime dt:dt="string"> </LastModifiedDateTime></RunningApplication><RunningApplication><ImageName dt:dt="string">chrome.exe</ImageName><ProcessID dt:dt="string">7020</ProcessID><WorkingSetSizeKB dt:dt="string">62357</WorkingSetSizeKB><ImageFullName dt:dt="string"> </ImageFullName><ImageSize dt:dt="string"> </ImageSize><FileVersion dt:dt="string"> </FileVersion><LastModifiedDateTime dt:dt="string"> </LastModifiedDateTime></RunningApplication><RunningApplication><ImageName dt:dt="string">chrome.exe</ImageName><ProcessID dt:dt="string">13676</ProcessID><WorkingSetSizeKB dt:dt="string">70434</WorkingSetSizeKB><ImageFullName dt:dt="string"> </ImageFullName><ImageSize dt:dt="string"> </ImageSize><FileVersion dt:dt="string"> </FileVersion><LastModifiedDateTime dt:dt="string"> </LastModifiedDateTime></RunningApplication><RunningApplication><ImageName dt:dt="string">ONENOTE.EXE</ImageName><ProcessID dt:dt="string">7468</ProcessID><WorkingSetSizeKB dt:dt="string">83292</WorkingSetSizeKB><ImageFullName dt:dt="string">C:\Program Files (x86)\Microsoft Office\Office16\ONENOTE.EXE</ImageFullName><ImageSize dt:dt="string">1683328</ImageSize><FileVersion dt:dt="string">16.0.4873.1000</FileVersion><LastModifiedDateTime dt:dt="string">07/16/2019 12:06:52</LastModifiedDateTime></RunningApplication><RunningApplication><ImageName dt:dt="string">chrome.exe</ImageName><ProcessID dt:dt="string">9424</ProcessID><WorkingSetSizeKB dt:dt="string">167542</WorkingSetSizeKB><ImageFullName dt:dt="string"> </ImageFullName><ImageSize dt:dt="string"> </ImageSize><FileVersion dt:dt="string"> </FileVersion><LastModifiedDateTime dt:dt="string"> </LastModifiedDateTime></RunningApplication><RunningApplication><ImageName dt:dt="string">chrome.exe</ImageName><ProcessID dt:dt="string">13468</ProcessID><WorkingSetSizeKB dt:dt="string">58818</WorkingSetSizeKB><ImageFullName dt:dt="string"> </ImageFullName><ImageSize dt:dt="string"> </ImageSize><FileVersion dt:dt="string"> </FileVersion><LastModifiedDateTime dt:dt="string"> </LastModifiedDateTime></RunningApplication><RunningApplication><ImageName dt:dt="string">chrome.exe</ImageName><ProcessID dt:dt="string">11344</ProcessID><WorkingSetSizeKB dt:dt="string">63754</WorkingSetSizeKB><ImageFullName dt:dt="string"> </ImageFullName><ImageSize dt:dt="string"> </ImageSize><FileVersion dt:dt="string"> </FileVersion><LastModifiedDateTime dt:dt="string"> </LastModifiedDateTime></RunningApplication><RunningApplication><ImageName dt:dt="string">AcroRd32.exe</ImageName><ProcessID dt:dt="string">13248</ProcessID><WorkingSetSizeKB dt:dt="string">22380</WorkingSetSizeKB><ImageFullName dt:dt="string">C:\Program Files (x86)\Adobe\Acrobat Reader DC\Reader\AcroRd32.exe</ImageFullName><ImageSize dt:dt="string">2706480</ImageSize><FileVersion dt:dt="string">20.6.20034.39303</FileVersion><LastModifiedDateTime dt:dt="string">02/04/2020 22:21:20</LastModifiedDateTime></RunningApplication><RunningApplication><ImageName dt:dt="string">AcroRd32.exe</ImageName><ProcessID dt:dt="string">2280</ProcessID><WorkingSetSizeKB dt:dt="string">137179</WorkingSetSizeKB><ImageFullName dt:dt="string">C:\Program Files (x86)\Adobe\Acrobat Reader DC\Reader\AcroRd32.exe</ImageFullName><ImageSize dt:dt="string">2706480</ImageSize><FileVersion dt:dt="string">20.6.20034.39303</FileVersion><LastModifiedDateTime dt:dt="string">02/04/2020 22:21:20</LastModifiedDateTime></RunningApplication><RunningApplication><ImageName dt:dt="string">RdrCEF.exe</ImageName><ProcessID dt:dt="string">12564</ProcessID><WorkingSetSizeKB dt:dt="string">37830</WorkingSetSizeKB><ImageFullName dt:dt="string">C:\Program Files (x86)\Adobe\Acrobat Reader DC\Reader\AcroCEF\RdrCEF.exe</ImageFullName><ImageSize dt:dt="string">7207984</ImageSize><FileVersion dt:dt="string">20.6.20034.39303</FileVersion><LastModifiedDateTime dt:dt="string">02/04/2020 22:21:22</LastModifiedDateTime></RunningApplication><RunningApplication><ImageName dt:dt="string">RdrCEF.exe</ImageName><ProcessID dt:dt="string">8260</ProcessID><WorkingSetSizeKB dt:dt="string">96854</WorkingSetSizeKB><ImageFullName dt:dt="string">C:\Program Files (x86)\Adobe\Acrobat Reader DC\Reader\AcroCEF\RdrCEF.exe</ImageFullName><ImageSize dt:dt="string">7207984</ImageSize><FileVersion dt:dt="string">20.6.20034.39303</FileVersion><LastModifiedDateTime dt:dt="string">02/04/2020 22:21:22</LastModifiedDateTime></RunningApplication><RunningApplication><ImageName dt:dt="string">RdrCEF.exe</ImageName><ProcessID dt:dt="string">10848</ProcessID><WorkingSetSizeKB dt:dt="string">76050</WorkingSetSizeKB><ImageFullName dt:dt="string">C:\Program Files (x86)\Adobe\Acrobat Reader DC\Reader\AcroCEF\RdrCEF.exe</ImageFullName><ImageSize dt:dt="string">7207984</ImageSize><FileVersion dt:dt="string">20.6.20034.39303</FileVersion><LastModifiedDateTime dt:dt="string">02/04/2020 22:21:22</LastModifiedDateTime></RunningApplication><RunningApplication><ImageName dt:dt="string">OUTLOOK.EXE</ImageName><ProcessID dt:dt="string">3840</ProcessID><WorkingSetSizeKB dt:dt="string">174387</WorkingSetSizeKB><ImageFullName dt:dt="string">C:\Program Files (x86)\Microsoft Office\Office16\OUTLOOK.EXE</ImageFullName><ImageSize dt:dt="string">23289128</ImageSize><FileVersion dt:dt="string">16.0.4954.1000</FileVersion><LastModifiedDateTime dt:dt="string">12/19/2019 00:56:20</LastModifiedDateTime></RunningApplication><RunningApplication><ImageName dt:dt="string">chrome.exe</ImageName><ProcessID dt:dt="string">10968</ProcessID><WorkingSetSizeKB dt:dt="string">91262</WorkingSetSizeKB><ImageFullName dt:dt="string"> </ImageFullName><ImageSize dt:dt="string"> </ImageSize><FileVersion dt:dt="string"> </FileVersion><LastModifiedDateTime dt:dt="string"> </LastModifiedDateTime></RunningApplication><RunningApplication><ImageName dt:dt="string">chrome.exe</ImageName><ProcessID dt:dt="string">4824</ProcessID><WorkingSetSizeKB dt:dt="string">102240</WorkingSetSizeKB><ImageFullName dt:dt="string"> </ImageFullName><ImageSize dt:dt="string"> </ImageSize><FileVersion dt:dt="string"> </FileVersion><LastModifiedDateTime dt:dt="string"> </LastModifiedDateTime></RunningApplication><RunningApplication><ImageName dt:dt="string">audiodg.exe</ImageName><ProcessID dt:dt="string">6952</ProcessID><WorkingSetSizeKB dt:dt="string"> </WorkingSetSizeKB><ImageFullName dt:dt="string"> </ImageFullName><ImageSize dt:dt="string"> </ImageSize><FileVersion dt:dt="string"> </FileVersion><LastModifiedDateTime dt:dt="string"> </LastModifiedDateTime></RunningApplication><RunningApplication><ImageName dt:dt="string">chrome.exe</ImageName><ProcessID dt:dt="string">11444</ProcessID><WorkingSetSizeKB dt:dt="string">35151</WorkingSetSizeKB><ImageFullName dt:dt="string"> </ImageFullName><ImageSize dt:dt="string"> </ImageSize><FileVersion dt:dt="string"> </FileVersion><LastModifiedDateTime dt:dt="string"> </LastModifiedDateTime></RunningApplication><RunningApplication><ImageName dt:dt="string">E-Studio.exe</ImageName><ProcessID dt:dt="string">10540</ProcessID><WorkingSetSizeKB dt:dt="string">128135</WorkingSetSizeKB><ImageFullName dt:dt="string">C:\Program Files (x86)\PST\E-Prime 2.0\Program\E-Studio.exe</ImageFullName><ImageSize dt:dt="string">6763304</ImageSize><FileVersion dt:dt="string">2.0.10.252</FileVersion><LastModifiedDateTime dt:dt="string">03/23/2015 19:06:30</LastModifiedDateTime></RunningApplication><RunningApplication><ImageName dt:dt="string">splwow64.exe</ImageName><ProcessID dt:dt="string">7220</ProcessID><WorkingSetSizeKB dt:dt="string">5443</WorkingSetSizeKB><ImageFullName dt:dt="string"> </ImageFullName><ImageSize dt:dt="string"> </ImageSize><FileVersion dt:dt="string"> </FileVersion><LastModifiedDateTime dt:dt="string"> </LastModifiedDateTime></RunningApplication><RunningApplication><ImageName dt:dt="string">SearchProtocolHost.exe</ImageName><ProcessID dt:dt="string">12600</ProcessID><WorkingSetSizeKB dt:dt="string">9543</WorkingSetSizeKB><ImageFullName dt:dt="string">C:\windows\sysWow64\SearchProtocolHost.exe</ImageFullName><ImageSize dt:dt="string">164352</ImageSize><FileVersion dt:dt="string">7.0.7601.24542</FileVersion><LastModifiedDateTime dt:dt="string">12/10/2019 08:22:32</LastModifiedDateTime></RunningApplication><RunningApplication><ImageName dt:dt="string">SearchFilterHost.exe</ImageName><ProcessID dt:dt="string">12304</ProcessID><WorkingSetSizeKB dt:dt="string">7925</WorkingSetSizeKB><ImageFullName dt:dt="string"> </ImageFullName><ImageSize dt:dt="string"> </ImageSize><FileVersion dt:dt="string"> </FileVersion><LastModifiedDateTime dt:dt="string"> </LastModifiedDateTime></RunningApplication><RunningApplication><ImageName dt:dt="string">WUDFHost.exe</ImageName><ProcessID dt:dt="string">9308</ProcessID><WorkingSetSizeKB dt:dt="string"> </WorkingSetSizeKB><ImageFullName dt:dt="string"> </ImageFullName><ImageSize dt:dt="string"> </ImageSize><FileVersion dt:dt="string"> </FileVersion><LastModifiedDateTime dt:dt="string"> </LastModifiedDateTime></RunningApplication></RunningApplications><OperatingSystem><Property><PropertyName dt:dt="string">Description</PropertyName><PropertyValue dt:dt="string">Windows 7</PropertyValue></Property><Property><PropertyName dt:dt="string">VersionMajor</PropertyName><PropertyValue>6</PropertyValue></Property><Property><PropertyName dt:dt="string">VersionMinor</PropertyName><PropertyValue>1</PropertyValue></Property><Property><PropertyName dt:dt="string">BuildNumber</PropertyName><PropertyValue>7601</PropertyValue></Property><Property><PropertyName dt:dt="string">PlatformNumber</PropertyName><PropertyValue>2</PropertyValue></Property><Property><PropertyName dt:dt="string">VersionExtra</PropertyName><PropertyValue dt:dt="string">Service Pack 1</PropertyValue></Property><Property><PropertyName dt:dt="string">ServicePackMajor</PropertyName><PropertyValue dt:dt="int">1</PropertyValue></Property><Property><PropertyName dt:dt="string">ServicePackMinor</PropertyName><PropertyValue dt:dt="int">0</PropertyValue></Property><Property><PropertyName dt:dt="string">SuiteMask</PropertyName><PropertyValue dt:dt="int">256</PropertyValue></Property><Property><PropertyName dt:dt="string">ProductType</PropertyName><PropertyValue dt:dt="int">1</PropertyValue></Property><Property><PropertyName dt:dt="string">Reserved</PropertyName><PropertyValue dt:dt="int">0</PropertyValue></Property></OperatingSystem><BIOS><Type0><Property><PropertyName dt:dt="string">Vendor</PropertyName><PropertyValue dt:dt="string">Dell Inc.</PropertyValue></Property><Property><PropertyName dt:dt="string">BIOSVersion</PropertyName><PropertyValue dt:dt="string">A12</PropertyValue></Property><Property><PropertyName dt:dt="string">BIOSReleaseDate</PropertyName><PropertyValue dt:dt="string">01/10/2013</PropertyValue></Property></Type0><Type1><Property><PropertyName dt:dt="string">Manufacture</PropertyName><PropertyValue dt:dt="string">Dell Inc.</PropertyValue></Property><Property><PropertyName dt:dt="string">ProductName</PropertyName><PropertyValue dt:dt="string">OptiPlex 9010</PropertyValue></Property><Property><PropertyName dt:dt="string">Version</PropertyName><PropertyValue dt:dt="string">01</PropertyValue></Property><Property><PropertyName dt:dt="string">SerialNumber</PropertyName><PropertyValue dt:dt="string">5NGK9X1</PropertyValue></Property></Type1><Type2><Property><PropertyName dt:dt="string">Manufacture</PropertyName><PropertyValue dt:dt="string">Dell Inc.</PropertyValue></Property><Property><PropertyName dt:dt="string">ProductName</PropertyName><PropertyValue dt:dt="string">051FJ8</PropertyValue></Property><Property><PropertyName dt:dt="string">Version</PropertyName><PropertyValue dt:dt="string">A00</PropertyValue></Property><Property><PropertyName dt:dt="string">SerialNumber</PropertyName><PropertyValue dt:dt="string">/5NGK9X1/CN7220027B02KU/</PropertyValue></Property><Property><PropertyName dt:dt="string">AssetTag</PropertyName><PropertyValue dt:dt="string"></PropertyValue></Property></Type2><Type3><Property><PropertyName dt:dt="string">Manufacture</PropertyName><PropertyValue dt:dt="string">Dell Inc.</PropertyValue></Property><Property><PropertyName dt:dt="string">Version</PropertyName><PropertyValue dt:dt="string"></PropertyValue></Property><Property><PropertyName dt:dt="string">SerialNumber</PropertyName><PropertyValue dt:dt="string">5NGK9X1</PropertyValue></Property><Property><PropertyName dt:dt="string">AssetTag</PropertyName><PropertyValue dt:dt="string"></PropertyValue></Property></Type3></BIOS></Report>
